categorie,kw,volume,tld,hl,importance,url,pixelPos,status,tendance,pos,13 sept. 22,30 mars 22,20 mai 2021,?,8 déc 2020,23 nov 20,29 sept 2020,22 sept 2020,12 Sept,1 Sept,Aou 23,Aou 7,Jul 28,Jul 9,Jul 5 2020,Juine 27 2020,Juine 18 2020,May 31 2020,May 9 2020,Apr 22 2020
activité,escape game vercors,0,fr,fr,9,https://piedvert.com/escape-game,"184,1",.,=,,1,1,1,1,1,1,1,1,1,1,1,1,1,1,1,1,1,1,1,1
activité – neige,escape game raquette,0,fr,fr,9,https://piedvert.com/escape-game-raquette,"184,1",.,=,,1,1,1,1,1,1,1,1,1,1,1,1,1,1,2,2,1,1,1,1
scolaire,sortie maternelle vercors,0,fr,fr,5,https://piedvert.com/sortie-scolaire,"184,1",.,=,,1,1,1,1,1,1,1,2,2,2,2,2,2,2,2,2,2,2,2,2
scolaire,sortie primaire vercors,0,fr,fr,5,https://piedvert.com/sortie-scolaire,"184,1",.,=,,1,1,1,1,1,1,1,1,1,1,1,1,2,2,2,2,2,2,2,2
scolaire,projet pédagogique montagne,0,fr,fr,1,https://piedvert.com/projet-educatif,"268,2",.,=,,2,2,2,1,1,2,2,2,2,2,2,2,1,2,4,4,4,4,6,7
faune,marmotte vercors,0,fr,fr,5,https://piedvert.com/marmotte,"312,1",.,=,,1,1,1,1,1,1,1,1,1,2,2,7,11,13,10,13,13,11,64,
rando,rando famille vercors,0,fr,fr,8,https://piedvert.com/rando-vercors-famille,"312,2",.,=,,2,2,3,,,,,,,,,,,,,,,,,
scolaire,voyage scolaire vercors,0,fr,fr,8,https://piedvert.com/voyage-scolaire,"312,2",.,+,,2,8,4,9,5,5,5,5,5,7,10,17,8,14,16,9,9,9,8,13
faune,chamois vercors,0,fr,fr,5,https://piedvert.com/chamois,"336,1",.,=,,1,1,1,1,1,1,1,1,1,2,1,2,1,4,4,4,7,7,9,10
territoire,automne vercors,0,fr,fr,5,https://piedvert.com/automne-vercors,"336,1",.,=,,1,1,1,1,2,1,2,2,3,3,3,3,3,3,3,3,3,3,3,3
évènement – evg,evjf vercors,0,fr,fr,5,https://piedvert.com/evjf-nature,"354,2",.,+,,2,3,2,2,2,2,2,4,4,4,4,4,4,4,4,4,4,5,9,10
scolaire,éducation environnement vercors,0,fr,fr,5,https://piedvert.com/education-environnement,"426,3",.,=,,3,3,2,3,2,3,1,2,2,3,3,4,5,4,3,5,5,4,6,6
territoire,transport commun vercors,0,fr,fr,3,https://piedvert.com/mobilite-douce,"441,3",.,+,,3,5,5,5,5,5,5,5,5,5,5,5,5,7,7,7,7,8,10,8
scolaire,animaux vercors,10,fr,fr,5,https://piedvert.com/sortie-nature,"489,2",.,+,,2,3,1,2,2,2,2,3,2,1,4,4,5,8,8,8,9,9,8,75
rando,sommet vercors,110,fr,fr,5,https://piedvert.com/sommet-vercors,"504,1",.,=,,1,1,3,1,1,1,1,1,1,1,1,1,1,1,1,1,1,1,1,1
activité,activité nature vercors,0,fr,fr,5,https://piedvert.com/activite-nature,"523,2",.,+,,2,3,3,2,2,2,1,2,2,2,3,3,6,6,6,6,13,10,9,14
faune,loup vercors,170,fr,fr,10,https://piedvert.com/loup-vercors,"555,2",.,-,,2,1,1,1,1,1,1,1,1,1,1,1,2,3,4,4,4,3,3,6
évènement – evg,evjf nature,30,fr,fr,5,https://piedvert.com/evjf-nature,"586,3",.,=,,3,3,1,1,6,6,7,9,10,10,9,9,8,8,8,8,6,12,15,13
scolaire,sortie scolaire vercors,0,fr,fr,5,https://piedvert.com/sortie-scolaire,"594,2",.,+,,2,6,1,2,2,2,2,2,2,3,5,5,9,9,8,9,9,8,9,8
faune,cerf vercors,0,fr,fr,5,https://piedvert.com/brame-cerf,"599,3",.,-,,3,1,1,1,1,1,1,1,2,3,5,9,10,10,10,17,17,17,34,-1
rando – raquette,raquette autrans,70,fr,fr,8,https://piedvert.com/raquette-autrans,"599,3",.,=,,3,3,8,10,11,10,11,11,11,11,12,12,11,11,11,11,11,12,12,12
faune,bouquetin vercors,0,fr,fr,5,https://piedvert.com/bouquetin,"734,3",.,=,,3,3,1,2,2,2,3,3,3,2,3,4,4,3,-1,5,5,5,15,
scolaire,faune vercors,90,fr,fr,8,https://piedvert.com/sortie-nature,"744,3",.,=,,3,3,2,2,2,2,2,2,2,2,2,3,2,5,5,8,9,8,6,10
rando – raquette,location raquette vercors,,fr,fr,5,https://piedvert.com/location-raquette,"749,1",.,=,,1,1,2,2,5,70,53,65,64,62,,,,,,,,,,
métier,moyenne montagne,210,fr,fr,5,https://piedvert.com/moyenne-montagne,"768,3",.,=,,3,3,2,2,2,2,2,2,2,2,2,2,2,2,2,3,3,4,8,9
rando – vercors,lac vercors,320,fr,fr,5,https://piedvert.com/rando-lac-vercors,"1083,1",.,=,,1,1,3,5,5,7,12,23,18,-1,,,,,,,,,,
rando – raquette,location raquette villard de lans,20,fr,fr,5,https://piedvert.com/location-raquette,"1166,1",.,+,,1,2,6,4,8,26,26,25,23,21,,,,,,,,,,
territoire,blog vercors,0,fr,fr,5,https://piedvert.com/blog,"570,4",..,-,,4,2,5,5,6,6,7,6,6,7,8,8,6,4,5,5,5,5,5,5
activité – neige,nuit igloo vercors,0,fr,fr,3,https://piedvert.com/igloo,"612,6",..,=,,6,6,5,4,4,4,4,4,4,5,5,5,5,5,5,5,5,5,5,5
activité ,orientation villard-de-lans,0,fr,fr,3,https://piedvert.com/orientation-montagne,"1081,5",..,+,,5,7,10,13,16,15,13,11,-1,-1,8,7,7,9,5,5,9,10,11,10
rando – raquette,raquette villard de lans,140,fr,fr,8,https://piedvert.com/raquette-vercors,"1169,7",..,+,,7,9,10,12,16,12,13,13,13,13,13,13,13,13,14,14,15,14,14,15
activité – neige,activité neige vercors,0,fr,fr,8,https://piedvert.com/activite-neige,"1190,4",..,+,,4,5,10,10,9,6,10,10,10,10,10,10,10,9,8,8,9,10,10,10
rando,balade facile dans le vercors,90,fr,fr,5,https://piedvert.com/rando-vercors-famille,"1238,8",..,+,,8,12,9,10,9,7,18,19,16,15,16,14,13,13,13,12,12,12,14,13
scolaire,espace naturel sensible isère,0,fr,fr,6,https://piedvert.com/ens-isere,"1254,1",..,-,,10,6,10,11,11,11,11,11,10,11,11,11,14,12,12,8,11,17,17,18
territoire,hiver vercors,0,fr,fr,5,https://piedvert.com/hiver-vercors,"1463,7",..,+,,7,10,6,5,12,10,11,11,11,10,11,10,7,11,11,11,11,12,19,12
activité,course d’orientation Vercors,0,fr,fr,8,https://piedvert.com/orientation-montagne,"1496,1",..,+,,10,11,9,10,9,9,12,10,10,10,10,10,12,13,11,11,11,11,14,13
territoire,refuge vercors,110,fr,fr,5,https://piedvert.com/refuge-vercors,"1601,5",..,=,,5,5,9,5,8,5,6,6,8,9,8,8,8,6,8,9,9,9,9,7
rando,rando facile vercors,10,fr,fr,5,https://piedvert.com/rando-vercors-famille,"1664,9",..,+,,9,12,11,10,11,10,14,16,15,13,15,16,12,13,15,11,12,13,14,14
métier + territoire,accompagnateur vercors,20,fr,fr,8,https://piedvert.com/,"1674,5",..,=,,5,5,3,2,2,3,4,3,3,3,3,3,3,3,3,3,3,4,5,5
rando – vercors,grand veymont,1900,fr,fr,5,https://piedvert.com/grand-veymont-facile,"1854,1",..,=,,10,10,13,8,10,9,15,18,30,-1,-1,-1,-1,,,,,,,
rando – bivouac,matériel bivouac montagne,0,fr,fr,3,https://piedvert.com/equipement-bivouac,"1975,8",..,+,,8,9,16,24,15,16,-1,-1,-1,-1,102,-1,92,,,,,,,
rando – bivouac,bivouac vercors,140,fr,fr,10,https://piedvert.com/bivouac-vercors,"2195,6",..,-,,6,3,4,3,4,3,4,4,4,4,4,4,4,8,6,10,10,13,13,15
activité – neige,bivouac vercors neige,0,fr,fr,3,https://piedvert.com/igloo,"2215,9",..,=,,9,9,8,10,8,9,18,18,16,12,11,10,10,10,9,9,12,11,13,12
rando – vercors,plateau de la molière,170,fr,fr,5,https://piedvert.com/moliere,"2228,8",..,-,,8,7,10,2,10,8,8,8,8,8,10,17,17,14,14,-1,-1,-1,-1,
rando – vercors,randonnée grand veymont,110,fr,fr,5,https://piedvert.com/grand-veymont-facile,"2509,7",..,+,,7,8,9,11,12,13,13,15,41,-1,,,,,,,,,,
entreprise,séminaire vercors,10,fr,fr,5,https://piedvert.com/team-building,"2884,7",..,+,,7,9,21,20,21,21,21,26,27,26,26,23,27,26,31,26,29,37,49,-1
scolaire,land art vercors,0,fr,fr,5,https://piedvert.com/land-art,"1735,11",...,-,,11,9,9,7,7,5,4,3,3,4,3,3,2,2,2,2,2,2,2,2
métier + territoire,animateur nature vercors,0,fr,fr,5,https://piedvert.com/,"1899,12",...,-,,12,5,2,6,1,1,2,2,2,3,2,2,2,2,2,2,2,2,2,2
rando – trek,randonnée vercors 2 jours,110,fr,fr,5,https://piedvert.com/weekend-rando,"2134,12",...,-,,12,11,10,17,18,23,39,30,29,28,30,24,22,25,29,26,54,45,43,53
territoire,avis vercors,0,fr,fr,1,https://piedvert.com/avis,"2244,12",...,-,,12,10,10,5,8,7,4,4,4,5,5,8,6,8,8,7,8,9,13,14
rando – vercors,coucher de soleil grenoble,260,fr,fr,5,https://piedvert.com/coucher-de-soleil-grenoble,"2292,11",...,-,,11,7,7,6,6,6,6,7,7,7,7,7,8,11,14,11,-1,-1,-1,
rando – raquette,raquette vercors,210,fr,fr,8,https://piedvert.com/raquette-vercors,"2331,11",...,=,,11,11,-1,28,37,39,41,36,33,38,37,36,36,36,35,34,36,38,34,21
rando,rando ane vercors,110,fr,fr,10,https://piedvert.com/rando-ane,"2350,12",...,=,,12,12,-1,21,30,26,30,32,28,28,28,31,27,26,25,27,28,26,29,28
scolaire,animaux alpes,90,fr,fr,5,https://piedvert.com/animaux-montagne,"2546,16",...,=,,16,16,5,5,5,4,6,11,10,10,10,10,11,13,15,13,12,13,13,14
activité,activité vercors,140,fr,fr,8,https://piedvert.com/activite-nature,"2574,13",...,+,,13,18,16,13,12,12,14,13,15,14,13,15,13,16,16,16,29,34,33,29
métier + territoire,guide vercors,10,fr,fr,5,https://piedvert.com/,"2592,12",...,-,,12,10,15,17,18,21,23,21,20,14,12,13,18,15,13,13,-1,13,16,18
rando – trek,randonnée vercors 3 jours,90,fr,fr,5,https://piedvert.com/weekend-rando,"2773,15",...,+,,15,17,12,24,67,83,89,75,68,92,83,69,81,74,68,66,64,70,66,81
rando – vercors,réserve naturelle des hauts plateaux du vercors,70,fr,fr,5,https://piedvert.com/hauts-plateaux-vercors,"2895,15",...,+,,15,20,22,10,8,8,8,9,9,10,11,10,10,-1,25,-1,33,29,-1,
activité,orientation montagne,10,fr,fr,5,https://piedvert.com/orientation-montagne,"3233,17",...,-,,17,13,11,12,14,18,14,19,13,12,11,13,12,11,10,10,8,10,10,18
activité – neige,bivouac vercors hiver,0,fr,fr,3,https://piedvert.com/bivouac-vercors,"3402,13",...,+,,13,17,10,10,9,7,7,10,7,9,6,7,7,7,6,6,9,9,17,14
rando – bivouac,bivouac en montagne,110,fr,fr,3,https://piedvert.com/equipement-bivouac,"3769,14",...,+,,14,22,-1,69,40,41,67,69,63,65,71,76,56,52,35,32,57,72,66,68
territoire,camping vercors,3600,fr,fr,3,https://piedvert.com/camping-vercors,"3881,12",...,+,,12,18,-1,-1,60,60,-1,-1,-1,-1,-1,,,,,,,,,
activité,escape game nature,170,fr,fr,1,https://piedvert.com/escape-game,"3953,18",...,-,,18,11,16,4,12,12,2,9,3,3,4,4,4,2,3,3,3,17,48,20
territoire,le clariant,170,fr,fr,5,https://piedvert.com/escape-clariant,"4027,2",...,-,,20,19,14,10,10,10,9,8,9,9,8,8,10,10,10,9,13,17,17,16
métier,accompagnateur en montagne,170,fr,fr,5,https://piedvert.com/accompagnateur-montagne,"4053,2",...,=,,20,20,17,15,12,13,11,15,9,10,11,11,11,13,13,13,16,19,20,19
entreprise,Team building montagne,40,fr,fr,5,https://piedvert.com/team-building,"4120,17",...,+,,17,18,26,25,21,41,22,26,24,32,29,28,21,20,18,35,35,40,74,-1
rando,rando découverte vercors,0,fr,fr,3,https://piedvert.com/rando-vercors,"4233,23",...,-,,23,10,5,1,5,5,5,5,5,5,5,5,5,6,6,6,4,5,7,6
rando,rando vercors,2800,fr,fr,5,https://piedvert.com/rando-vercors-famille,"4242,2",...,-,,20,17,20,10,15,16,11,15,13,13,13,14,15,14,15,17,18,18,21,20
métier,diplome accompagnateur montagne,10,fr,fr,3,https://piedvert.com/accompagnateur-montagne,"4271,28",...,-,,28,19,15,12,12,16,16,15,16,16,17,16,15,17,17,16,16,16,-1,-1
scolaire,animaux montagne,480,fr,fr,5,https://piedvert.com/animaux-montagne,"4327,17",...,-,,17,16,14,10,10,12,14,18,15,14,20,20,19,19,17,17,20,20,20,21
activité,activité villard de lans,260,fr,fr,8,https://piedvert.com/activite-nature,"4348,21",...,-,,21,17,18,15,18,23,20,20,21,21,22,14,15,17,21,21,28,29,25,29
scolaire,Classe découverte vercors,0,fr,fr,8,https://piedvert.com/education-environnement,"4717,23",...,-,,23,17,11,14,11,11,9,8,8,11,11,8,11,9,11,13,13,19,17,15
activité – neige,construire un igloo,140,fr,fr,3,https://piedvert.com/igloo,"4865,33",...,-,,33,27,21,12,14,15,16,18,18,17,28,27,29,26,44,44,27,30,27,29
activité – neige,dormir dans un igloo,260,fr,fr,3,https://piedvert.com/igloo,"5309,18",...,+,,18,25,-1,31,36,32,36,39,37,34,37,35,22,23,48,48,24,25,23,29
rando – trek,trek vercors,50,fr,fr,5,https://piedvert.com/rando-vercors,"5468,19",...,+,,19,23,14,7,9,8,12,15,13,13,13,13,17,12,15,12,17,20,25,31
scolaire,Centre Loisirs Montagne,0,fr,fr,5,https://piedvert.com/loisirs-nature,"5505,26",...,-,,26,22,-1,36,35,45,59,77,73,71,42,36,32,32,39,40,36,38,41,38
évènement – evg,enterrement de vie de garçon grenoble,10,fr,fr,5,https://piedvert.com/evjf-nature,"5961,33",...,-,,33,21,20,20,20,21,20,20,29,39,35,38,41,41,46,39,44,64,67,80
rando – vercors,hauts plateaux du vercors,110,fr,fr,5,https://piedvert.com/hauts-plateaux-vercors,"6166,27",...,-,,27,17,24,13,13,13,9,15,11,12,13,16,15,45,-1,-1,51,-1,-1,
rando – trek,week end randonnée,390,fr,fr,5,https://piedvert.com/weekend-rando,"6171,36",...,-,,36,22,-1,20,-1,-1,-1,-1,-1,-1,-1,-1,-1,-1,-1,-1,-1,-1,-1,-1
activité – neige,nuit en igloo,210,fr,fr,3,https://piedvert.com/igloo,"6266,25",...,-,,25,20,-1,43,36,41,38,75,39,73,85,76,78,68,53,53,87,93,86,-1
rando – trek,gr 91 vercors,110,fr,fr,5,https://piedvert.com/trek-vercors,"7426,36",...,-,,36,18,22,-1,22,23,27,24,23,88,26,26,39,36,35,41,50,51,43,-1
évènement – evg,evjf grenoble,90,fr,fr,5,https://piedvert.com/evjf-nature,"7663,45",...,-,,45,12,6,19,16,23,18,14,16,14,13,13,14,26,28,19,21,40,43,-1
territoire,séjour vercors,110,fr,fr,5,https://piedvert.com/sejour-vercors,"8049,4",...,-,,40,35,-1,26,27,23,39,38,29,27,28,29,25,23,17,19,19,18,21,19
territoire,hotel vercors,720,fr,fr,5,https://piedvert.com/hotel-vercors,"8964,37",...,-,,37,23,-1,29,33,37,39,54,38,42,47,45,45,40,43,44,42,40,40,40
faune,brame du cerf,8100,fr,fr,5,https://piedvert.com/brame-cerf,"9200,5",...,-,,50,14,-1,29,81,94,72,33,31,81,-1,-1,-1,-1,-1,-1,-1,-1,-1,-1
activité,escape game extérieur,390,fr,fr,5,https://piedvert.com/escape-game,"10120,42",...,-,,42,18,21,15,15,15,2,16,4,4,6,5,9,5,5,5,6,15,27,23
rando – trek,grande traversée du vercors,170,fr,fr,5,https://piedvert.com/trek-vercors,"13306,67",...,-,,67,33,-1,37,26,23,22,21,22,23,23,34,55,58,56,-1,54,51,53,-1
métier,guide de randonnée,170,fr,fr,5,https://piedvert.com/accompagnateur-montagne,"15940,79",...,-,,79,57,-1,65,64,59,-1,83,-1,-1,-1,-1,-1,-1,-1,-1,-1,-1,-1,-1
activité,box nature,140,fr,fr,5,https://piedvert.com/box-nature,"17867,87",...,+,,87,-1,-1,56,-1,93,-1,-1,-1,-1,-1,-1,-1,-1,-1,-1,77,-1,74,59
entreprise,incentive grenoble,0,fr,fr,5,,-1,....,x,,-1,-1,-1,-1,-1,-1,-1,-1,-1,-1,-1,-1,-1,-1,-1,-1,-1,-1,-1,-1
entreprise,lieu séminaire grenoble,0,fr,fr,5,,-1,....,x,,-1,-1,-1,-1,-1,-1,-1,-1,-1,-1,-1,-1,-1,-1,-1,-1,-1,-1,-1,-1
scolaire,éducation à l’environnement,140,fr,fr,5,,-1,....,x,,-1,-1,-1,-1,-1,-1,-1,-1,-1,-1,-1,-1,-1,-1,-1,-1,-1,-1,-1,-1
activité,escape game foret,260,fr,fr,1,,-1,....,x,,-1,34,-1,59,64,60,41,61,58,38,23,26,22,19,13,13,4,11,21,22
entreprise,seminaire grenoble,90,fr,fr,5,,-1,....,x,,-1,41,-1,75,85,85,91,84,85,91,-1,-1,92,-1,-1,-1,-1,-1,-1,-1
